﻿{
  "frames": [
    {
      "filename": "qrjmq525head 实例 10000",
      "d": 0.1,
      "frame": {
        "x": 2,
        "y": 2,
        "w": 366,
        "h": 164
      }
    },
    {
      "filename": "qrjmq525head 实例 10001",
      "d": 0.1,
      "frame": {
        "x": 371,
        "y": 2,
        "w": 366,
        "h": 164
      }
    },
    {
      "filename": "qrjmq525head 实例 10002",
      "d": 0.1,
      "frame": {
        "x": 740,
        "y": 2,
        "w": 366,
        "h": 164
      }
    },
    {
      "filename": "qrjmq525head 实例 10003",
      "d": 0.1,
      "frame": {
        "x": 1109,
        "y": 2,
        "w": 366,
        "h": 164
      }
    },
    {
      "filename": "qrjmq525head 实例 10004",
      "d": 0.1,
      "frame": {
        "x": 2,
        "y": 169,
        "w": 366,
        "h": 164
      }
    },
    {
      "filename": "qrjmq525head 实例 10005",
      "d": 0.1,
      "frame": {
        "x": 371,
        "y": 169,
        "w": 366,
        "h": 164
      }
    },
    {
      "filename": "qrjmq525head 实例 10006",
      "d": 0.1,
      "frame": {
        "x": 740,
        "y": 169,
        "w": 366,
        "h": 164
      }
    },
    {
      "filename": "qrjmq525head 实例 10007",
      "d": 0.1,
      "frame": {
        "x": 1109,
        "y": 169,
        "w": 366,
        "h": 164
      }
    },
    {
      "filename": "qrjmq525head 实例 10008",
      "d": 0.1,
      "frame": {
        "x": 2,
        "y": 336,
        "w": 366,
        "h": 164
      }
    },
    {
      "filename": "qrjmq525head 实例 10009",
      "d": 0.1,
      "frame": {
        "x": 371,
        "y": 336,
        "w": 366,
        "h": 164
      }
    },
    {
      "filename": "qrjmq525head 实例 10010",
      "d": 0.1,
      "frame": {
        "x": 740,
        "y": 336,
        "w": 366,
        "h": 164
      }
    },
    {
      "filename": "qrjmq525head 实例 10011",
      "d": 0.1,
      "frame": {
        "x": 1109,
        "y": 336,
        "w": 366,
        "h": 164
      }
    },
    {
      "filename": "qrjmq525head 实例 10012",
      "d": 0.1,
      "frame": {
        "x": 2,
        "y": 503,
        "w": 366,
        "h": 164
      }
    },
    {
      "filename": "qrjmq525head 实例 10013",
      "d": 0.1,
      "frame": {
        "x": 371,
        "y": 503,
        "w": 366,
        "h": 164
      }
    },
    {
      "filename": "qrjmq525head 实例 10014",
      "d": 0.1,
      "frame": {
        "x": 740,
        "y": 503,
        "w": 366,
        "h": 164
      }
    },
    {
      "filename": "qrjmq525head 实例 10015",
      "d": 0.1,
      "frame": {
        "x": 1109,
        "y": 503,
        "w": 366,
        "h": 164
      }
    },
    {
      "filename": "qrjmq525head 实例 10016",
      "d": 0.1,
      "frame": {
        "x": 2,
        "y": 670,
        "w": 366,
        "h": 164
      }
    },
    {
      "filename": "qrjmq525head 实例 10017",
      "d": 0.1,
      "frame": {
        "x": 371,
        "y": 670,
        "w": 366,
        "h": 164
      }
    },
    {
      "filename": "qrjmq525head 实例 10018",
      "d": 0.1,
      "frame": {
        "x": 740,
        "y": 670,
        "w": 366,
        "h": 164
      }
    },
    {
      "filename": "qrjmq525head 实例 10019",
      "d": 0.1,
      "frame": {
        "x": 1109,
        "y": 670,
        "w": 366,
        "h": 164
      }
    }
  ],
  "meta": {
    "image": "qrjmq525head.png",
    "size": {
      "w": 1521,
      "h": 859
    }
  }
}