﻿{
  "frames": [
    {
      "filename": "qrjmq525nose 实例 10000",
      "d": 0.09,
      "frame": {
        "x": 2,
        "y": 2,
        "w": 321,
        "h": 101
      }
    },
    {
      "filename": "qrjmq525nose 实例 10001",
      "d": 0.09,
      "frame": {
        "x": 326,
        "y": 2,
        "w": 321,
        "h": 101
      }
    },
    {
      "filename": "qrjmq525nose 实例 10002",
      "d": 0.09,
      "frame": {
        "x": 650,
        "y": 2,
        "w": 321,
        "h": 101
      }
    },
    {
      "filename": "qrjmq525nose 实例 10003",
      "d": 0.09,
      "frame": {
        "x": 974,
        "y": 2,
        "w": 321,
        "h": 101
      }
    },
    {
      "filename": "qrjmq525nose 实例 10004",
      "d": 0.09,
      "frame": {
        "x": 1298,
        "y": 2,
        "w": 321,
        "h": 101
      }
    },
    {
      "filename": "qrjmq525nose 实例 10005",
      "d": 0.09,
      "frame": {
        "x": 2,
        "y": 106,
        "w": 321,
        "h": 101
      }
    },
    {
      "filename": "qrjmq525nose 实例 10006",
      "d": 0.09,
      "frame": {
        "x": 326,
        "y": 106,
        "w": 321,
        "h": 101
      }
    },
    {
      "filename": "qrjmq525nose 实例 10007",
      "d": 0.09,
      "frame": {
        "x": 650,
        "y": 106,
        "w": 321,
        "h": 101
      }
    },
    {
      "filename": "qrjmq525nose 实例 10008",
      "d": 0.09,
      "frame": {
        "x": 974,
        "y": 106,
        "w": 321,
        "h": 101
      }
    },
    {
      "filename": "qrjmq525nose 实例 10009",
      "d": 0.09,
      "frame": {
        "x": 1298,
        "y": 106,
        "w": 321,
        "h": 101
      }
    },
    {
      "filename": "qrjmq525nose 实例 10010",
      "d": 0.09,
      "frame": {
        "x": 2,
        "y": 210,
        "w": 321,
        "h": 101
      }
    },
    {
      "filename": "qrjmq525nose 实例 10011",
      "d": 0.09,
      "frame": {
        "x": 326,
        "y": 210,
        "w": 321,
        "h": 101
      }
    },
    {
      "filename": "qrjmq525nose 实例 10012",
      "d": 0.09,
      "frame": {
        "x": 650,
        "y": 210,
        "w": 321,
        "h": 101
      }
    },
    {
      "filename": "qrjmq525nose 实例 10013",
      "d": 0.09,
      "frame": {
        "x": 974,
        "y": 210,
        "w": 321,
        "h": 101
      }
    },
    {
      "filename": "qrjmq525nose 实例 10014",
      "d": 0.09,
      "frame": {
        "x": 1298,
        "y": 210,
        "w": 321,
        "h": 101
      }
    },
    {
      "filename": "qrjmq525nose 实例 10015",
      "d": 0.09,
      "frame": {
        "x": 2,
        "y": 314,
        "w": 321,
        "h": 101
      }
    },
    {
      "filename": "qrjmq525nose 实例 10016",
      "d": 0.09,
      "frame": {
        "x": 326,
        "y": 314,
        "w": 321,
        "h": 101
      }
    },
    {
      "filename": "qrjmq525nose 实例 10017",
      "d": 0.09,
      "frame": {
        "x": 650,
        "y": 314,
        "w": 321,
        "h": 101
      }
    },
    {
      "filename": "qrjmq525nose 实例 10018",
      "d": 0.09,
      "frame": {
        "x": 974,
        "y": 314,
        "w": 321,
        "h": 101
      }
    },
    {
      "filename": "qrjmq525nose 实例 10019",
      "d": 0.09,
      "frame": {
        "x": 1298,
        "y": 314,
        "w": 321,
        "h": 101
      }
    }
  ],
  "meta": {
    "image": "qrjmq525nose.png",
    "size": {
      "w": 1635,
      "h": 446
    }
  }
}