{"id":"2148","name":"\u60c5\u4eba\u8282\u7c73\u5947","sw":300,"sh":400,"res":[{"type":"head","action":"","tier":2,"scale":2.52,"offset":[0,-0.62],"layerCompositeMode":1,"layerOpaqueness":100,"gif":true,"i":["qrjmq525head.json"],"d":["qrjmq525head.png"]},{"type":"eye","action":"","tier":1,"scale":2.2,"offset":[0,-0.28],"layerCompositeMode":1,"layerOpaqueness":100,"gif":true,"i":["qrjmq525eye.json"],"d":["qrjmq525eye.png"]},{"type":"nose","action":"","tier":0,"scale":4,"offset":[0,0],"layerCompositeMode":1,"layerOpaqueness":100,"gif":true,"i":["qrjmq525nose.json"],"d":["qrjmq525nose.png"]},{"type":"frame","action":"","tier":3,"scale":1,"offset":[0,0],"layerCompositeMode":1,"layerOpaqueness":100,"gif":true,"gif_offset":[0],"s34":true,"s34_offset":[0,0],"s169":false,"s169_offset":[0,0],"i":["15015679320171215144127491.json"],"d":["qrj126frame.png"]},{"type":"foreground","action":"","tier":4,"scale":1,"offset":[0,1.4],"layerCompositeMode":1,"layerOpaqueness":100,"gif":false,"gif_offset":[0],"s34":true,"s34_offset":[0,1],"s169":false,"s169_offset":[0,0],"i":["15015679320171215144140359.json"],"d":["qrj126foreground.png"]}]}