{"id":"2189","name":"\u5c0f\u9ed1\u732b","sw":421,"sh":211,"res":[{"type":"head","action":"","tier":2,"scale":2.2,"offset":[0,-0.44],"layerCompositeMode":1,"layerOpaqueness":100,"gif":true,"i":["758201548251428156059b62214a79ef.json"],"d":["xhm5311head1.png"]},{"type":"eye","action":"","tier":1,"scale":1.6,"offset":[0,0.4],"layerCompositeMode":1,"layerOpaqueness":100,"gif":true,"i":["xhm5312eye.json"],"d":["xhm5312eye.png"]},{"type":"nose","action":"","tier":0,"scale":4,"offset":[0,0.08],"layerCompositeMode":1,"layerOpaqueness":100,"gif":true,"i":["xhm5313nose.json"],"d":["xhm5313nose.png"]},{"type":"shoulder","action":"","tier":3,"scale":0.28,"offset":[0,0],"layerCompositeMode":1,"layerOpaqueness":100,"gif":true,"i":["xhm5314shoulder.json"],"d":["xhm5314shoulder.png"]}]}