﻿{
  "frames": [
    {
      "filename": "eye30000",
      "d": 0.06,
      "frame": {
        "x": 2,
        "y": 2,
        "w": 369,
        "h": 237
      }
    },
    {
      "filename": "eye30001",
      "d": 0.06,
      "frame": {
        "x": 374,
        "y": 2,
        "w": 369,
        "h": 237
      }
    },
    {
      "filename": "eye30002",
      "d": 0.06,
      "frame": {
        "x": 746,
        "y": 2,
        "w": 369,
        "h": 237
      }
    },
    {
      "filename": "eye30003",
      "d": 0.06,
      "frame": {
        "x": 1118,
        "y": 2,
        "w": 369,
        "h": 237
      }
    },
    {
      "filename": "eye30004",
      "d": 0.06,
      "frame": {
        "x": 1490,
        "y": 2,
        "w": 369,
        "h": 237
      }
    },
    {
      "filename": "eye30005",
      "d": 0.06,
      "frame": {
        "x": 2,
        "y": 242,
        "w": 369,
        "h": 237
      }
    },
    {
      "filename": "eye30006",
      "d": 0.06,
      "frame": {
        "x": 374,
        "y": 242,
        "w": 369,
        "h": 237
      }
    },
    {
      "filename": "eye30007",
      "d": 0.06,
      "frame": {
        "x": 746,
        "y": 242,
        "w": 369,
        "h": 237
      }
    },
    {
      "filename": "eye30008",
      "d": 0.06,
      "frame": {
        "x": 1118,
        "y": 242,
        "w": 369,
        "h": 237
      }
    },
    {
      "filename": "eye30009",
      "d": 0.06,
      "frame": {
        "x": 1490,
        "y": 242,
        "w": 369,
        "h": 237
      }
    },
    {
      "filename": "eye30010",
      "d": 0.06,
      "frame": {
        "x": 2,
        "y": 482,
        "w": 369,
        "h": 237
      }
    },
    {
      "filename": "eye30011",
      "d": 0.06,
      "frame": {
        "x": 374,
        "y": 482,
        "w": 369,
        "h": 237
      }
    },
    {
      "filename": "eye30012",
      "d": 0.06,
      "frame": {
        "x": 746,
        "y": 482,
        "w": 369,
        "h": 237
      }
    },
    {
      "filename": "eye30013",
      "d": 0.06,
      "frame": {
        "x": 1118,
        "y": 482,
        "w": 369,
        "h": 237
      }
    },
    {
      "filename": "eye30014",
      "d": 0.06,
      "frame": {
        "x": 1490,
        "y": 482,
        "w": 369,
        "h": 237
      }
    },
    {
      "filename": "eye30015",
      "d": 0.06,
      "frame": {
        "x": 2,
        "y": 722,
        "w": 369,
        "h": 237
      }
    },
    {
      "filename": "eye30016",
      "d": 0.06,
      "frame": {
        "x": 374,
        "y": 722,
        "w": 369,
        "h": 237
      }
    },
    {
      "filename": "eye30017",
      "d": 0.06,
      "frame": {
        "x": 746,
        "y": 722,
        "w": 369,
        "h": 237
      }
    },
    {
      "filename": "eye30018",
      "d": 0.06,
      "frame": {
        "x": 1118,
        "y": 722,
        "w": 369,
        "h": 237
      }
    },
    {
      "filename": "eye30019",
      "d": 0.06,
      "frame": {
        "x": 1490,
        "y": 722,
        "w": 369,
        "h": 237
      }
    },
    {
      "filename": "eye30020",
      "d": 0.06,
      "frame": {
        "x": 2,
        "y": 962,
        "w": 369,
        "h": 237
      }
    },
    {
      "filename": "eye30021",
      "d": 0.06,
      "frame": {
        "x": 374,
        "y": 962,
        "w": 369,
        "h": 237
      }
    },
    {
      "filename": "eye30022",
      "d": 0.06,
      "frame": {
        "x": 746,
        "y": 962,
        "w": 369,
        "h": 237
      }
    },
    {
      "filename": "eye30023",
      "d": 0.06,
      "frame": {
        "x": 1118,
        "y": 962,
        "w": 369,
        "h": 237
      }
    },
    {
      "filename": "eye30024",
      "d": 0.06,
      "frame": {
        "x": 1490,
        "y": 962,
        "w": 369,
        "h": 237
      }
    }
  ],
  "meta": {
    "image": "ls6052eye3.png",
    "size": {
      "w": 1900,
      "h": 1250
    }
  }
}