﻿{
  "frames": [
    {
      "filename": "eye10000",
      "d": 0.06,
      "frame": {
        "x": 2,
        "y": 2,
        "w": 369,
        "h": 237
      }
    },
    {
      "filename": "eye10001",
      "d": 0.06,
      "frame": {
        "x": 374,
        "y": 2,
        "w": 369,
        "h": 237
      }
    },
    {
      "filename": "eye10002",
      "d": 0.06,
      "frame": {
        "x": 746,
        "y": 2,
        "w": 369,
        "h": 237
      }
    },
    {
      "filename": "eye10003",
      "d": 0.06,
      "frame": {
        "x": 1118,
        "y": 2,
        "w": 369,
        "h": 237
      }
    },
    {
      "filename": "eye10004",
      "d": 0.06,
      "frame": {
        "x": 1490,
        "y": 2,
        "w": 369,
        "h": 237
      }
    },
    {
      "filename": "eye10005",
      "d": 0.06,
      "frame": {
        "x": 2,
        "y": 242,
        "w": 369,
        "h": 237
      }
    },
    {
      "filename": "eye10006",
      "d": 0.06,
      "frame": {
        "x": 374,
        "y": 242,
        "w": 369,
        "h": 237
      }
    },
    {
      "filename": "eye10007",
      "d": 0.06,
      "frame": {
        "x": 746,
        "y": 242,
        "w": 369,
        "h": 237
      }
    },
    {
      "filename": "eye10008",
      "d": 0.06,
      "frame": {
        "x": 1118,
        "y": 242,
        "w": 369,
        "h": 237
      }
    },
    {
      "filename": "eye10009",
      "d": 0.06,
      "frame": {
        "x": 1490,
        "y": 242,
        "w": 369,
        "h": 237
      }
    },
    {
      "filename": "eye10010",
      "d": 0.06,
      "frame": {
        "x": 2,
        "y": 482,
        "w": 369,
        "h": 237
      }
    },
    {
      "filename": "eye10011",
      "d": 0.06,
      "frame": {
        "x": 374,
        "y": 482,
        "w": 369,
        "h": 237
      }
    },
    {
      "filename": "eye10012",
      "d": 0.06,
      "frame": {
        "x": 746,
        "y": 482,
        "w": 369,
        "h": 237
      }
    },
    {
      "filename": "eye10013",
      "d": 0.06,
      "frame": {
        "x": 1118,
        "y": 482,
        "w": 369,
        "h": 237
      }
    },
    {
      "filename": "eye10014",
      "d": 0.06,
      "frame": {
        "x": 1490,
        "y": 482,
        "w": 369,
        "h": 237
      }
    },
    {
      "filename": "eye10015",
      "d": 0.06,
      "frame": {
        "x": 2,
        "y": 722,
        "w": 369,
        "h": 237
      }
    },
    {
      "filename": "eye10016",
      "d": 0.06,
      "frame": {
        "x": 374,
        "y": 722,
        "w": 369,
        "h": 237
      }
    },
    {
      "filename": "eye10017",
      "d": 0.06,
      "frame": {
        "x": 746,
        "y": 722,
        "w": 369,
        "h": 237
      }
    },
    {
      "filename": "eye10018",
      "d": 0.06,
      "frame": {
        "x": 1118,
        "y": 722,
        "w": 369,
        "h": 237
      }
    },
    {
      "filename": "eye10019",
      "d": 0.06,
      "frame": {
        "x": 1490,
        "y": 722,
        "w": 369,
        "h": 237
      }
    },
    {
      "filename": "eye10020",
      "d": 0.06,
      "frame": {
        "x": 2,
        "y": 962,
        "w": 369,
        "h": 237
      }
    },
    {
      "filename": "eye10021",
      "d": 0.06,
      "frame": {
        "x": 374,
        "y": 962,
        "w": 369,
        "h": 237
      }
    },
    {
      "filename": "eye10022",
      "d": 0.06,
      "frame": {
        "x": 746,
        "y": 962,
        "w": 369,
        "h": 237
      }
    },
    {
      "filename": "eye10023",
      "d": 0.06,
      "frame": {
        "x": 1118,
        "y": 962,
        "w": 369,
        "h": 237
      }
    },
    {
      "filename": "eye10024",
      "d": 0.06,
      "frame": {
        "x": 1490,
        "y": 962,
        "w": 369,
        "h": 237
      }
    }
  ],
  "meta": {
    "image": "ls6052eye1.png",
    "size": {
      "w": 1900,
      "h": 1250
    }
  }
}