﻿{
  "frames": [
    {
      "filename": "head10000",
      "d": 0.08,
      "frame": {
        "x": 2,
        "y": 2,
        "w": 360,
        "h": 310
      }
    },
    {
      "filename": "head10001",
      "d": 0.08,
      "frame": {
        "x": 365,
        "y": 2,
        "w": 360,
        "h": 310
      }
    },
    {
      "filename": "head10002",
      "d": 0.08,
      "frame": {
        "x": 728,
        "y": 2,
        "w": 360,
        "h": 310
      }
    },
    {
      "filename": "head10003",
      "d": 0.08,
      "frame": {
        "x": 1091,
        "y": 2,
        "w": 360,
        "h": 310
      }
    },
    {
      "filename": "head10004",
      "d": 0.08,
      "frame": {
        "x": 1454,
        "y": 2,
        "w": 360,
        "h": 310
      }
    },
    {
      "filename": "head10005",
      "d": 0.08,
      "frame": {
        "x": 2,
        "y": 315,
        "w": 360,
        "h": 310
      }
    },
    {
      "filename": "head10006",
      "d": 0.08,
      "frame": {
        "x": 365,
        "y": 315,
        "w": 360,
        "h": 310
      }
    },
    {
      "filename": "head10007",
      "d": 0.08,
      "frame": {
        "x": 728,
        "y": 315,
        "w": 360,
        "h": 310
      }
    },
    {
      "filename": "head10008",
      "d": 0.08,
      "frame": {
        "x": 1091,
        "y": 315,
        "w": 360,
        "h": 310
      }
    },
    {
      "filename": "head10009",
      "d": 0.08,
      "frame": {
        "x": 1454,
        "y": 315,
        "w": 360,
        "h": 310
      }
    },
    {
      "filename": "head10010",
      "d": 0.08,
      "frame": {
        "x": 2,
        "y": 628,
        "w": 360,
        "h": 310
      }
    },
    {
      "filename": "head10011",
      "d": 0.08,
      "frame": {
        "x": 365,
        "y": 628,
        "w": 360,
        "h": 310
      }
    },
    {
      "filename": "head10012",
      "d": 0.08,
      "frame": {
        "x": 728,
        "y": 628,
        "w": 360,
        "h": 310
      }
    },
    {
      "filename": "head10013",
      "d": 0.08,
      "frame": {
        "x": 1091,
        "y": 628,
        "w": 360,
        "h": 310
      }
    },
    {
      "filename": "head10014",
      "d": 0.08,
      "frame": {
        "x": 1454,
        "y": 628,
        "w": 360,
        "h": 310
      }
    },
    {
      "filename": "head10015",
      "d": 0.08,
      "frame": {
        "x": 2,
        "y": 941,
        "w": 360,
        "h": 310
      }
    },
    {
      "filename": "head10016",
      "d": 0.08,
      "frame": {
        "x": 365,
        "y": 941,
        "w": 360,
        "h": 310
      }
    },
    {
      "filename": "head10017",
      "d": 0.08,
      "frame": {
        "x": 728,
        "y": 941,
        "w": 360,
        "h": 310
      }
    },
    {
      "filename": "head10018",
      "d": 0.08,
      "frame": {
        "x": 1091,
        "y": 941,
        "w": 360,
        "h": 310
      }
    },
    {
      "filename": "head10019",
      "d": 0.08,
      "frame": {
        "x": 1454,
        "y": 941,
        "w": 360,
        "h": 310
      }
    },
    {
      "filename": "head10020",
      "d": 0.08,
      "frame": {
        "x": 2,
        "y": 1254,
        "w": 360,
        "h": 310
      }
    },
    {
      "filename": "head10021",
      "d": 0.08,
      "frame": {
        "x": 365,
        "y": 1254,
        "w": 360,
        "h": 310
      }
    },
    {
      "filename": "head10022",
      "d": 0.08,
      "frame": {
        "x": 728,
        "y": 1254,
        "w": 360,
        "h": 310
      }
    },
    {
      "filename": "head10023",
      "d": 0.08,
      "frame": {
        "x": 1091,
        "y": 1254,
        "w": 360,
        "h": 310
      }
    },
    {
      "filename": "head10024",
      "d": 0.08,
      "frame": {
        "x": 1454,
        "y": 1254,
        "w": 360,
        "h": 310
      }
    }
  ],
  "meta": {
    "image": "ls6051head1.png",
    "size": {
      "w": 1830,
      "h": 1580
    }
  }
}