{
  "frames": [
    {
      "filename": "eye20000",
      "d": 0.06,
      "frame": {
        "x": 2,
        "y": 2,
        "w": 369,
        "h": 237
      }
    },
    {
      "filename": "eye20001",
      "d": 0.06,
      "frame": {
        "x": 374,
        "y": 2,
        "w": 369,
        "h": 237
      }
    },
    {
      "filename": "eye20002",
      "d": 0.06,
      "frame": {
        "x": 746,
        "y": 2,
        "w": 369,
        "h": 237
      }
    },
    {
      "filename": "eye20003",
      "d": 0.06,
      "frame": {
        "x": 1118,
        "y": 2,
        "w": 369,
        "h": 237
      }
    },
    {
      "filename": "eye20004",
      "d": 0.06,
      "frame": {
        "x": 1490,
        "y": 2,
        "w": 369,
        "h": 237
      }
    },
    {
      "filename": "eye20005",
      "d": 0.06,
      "frame": {
        "x": 2,
        "y": 242,
        "w": 369,
        "h": 237
      }
    },
    {
      "filename": "eye20006",
      "d": 0.06,
      "frame": {
        "x": 374,
        "y": 242,
        "w": 369,
        "h": 237
      }
    },
    {
      "filename": "eye20007",
      "d": 0.06,
      "frame": {
        "x": 746,
        "y": 242,
        "w": 369,
        "h": 237
      }
    },
    {
      "filename": "eye20008",
      "d": 0.06,
      "frame": {
        "x": 1118,
        "y": 242,
        "w": 369,
        "h": 237
      }
    },
    {
      "filename": "eye20009",
      "d": 0.06,
      "frame": {
        "x": 1490,
        "y": 242,
        "w": 369,
        "h": 237
      }
    },
    {
      "filename": "eye20010",
      "d": 0.06,
      "frame": {
        "x": 2,
        "y": 482,
        "w": 369,
        "h": 237
      }
    },
    {
      "filename": "eye20011",
      "d": 0.06,
      "frame": {
        "x": 374,
        "y": 482,
        "w": 369,
        "h": 237
      }
    },
    {
      "filename": "eye20012",
      "d": 0.06,
      "frame": {
        "x": 746,
        "y": 482,
        "w": 369,
        "h": 237
      }
    },
    {
      "filename": "eye20013",
      "d": 0.06,
      "frame": {
        "x": 1118,
        "y": 482,
        "w": 369,
        "h": 237
      }
    },
    {
      "filename": "eye20014",
      "d": 0.06,
      "frame": {
        "x": 1490,
        "y": 482,
        "w": 369,
        "h": 237
      }
    },
    {
      "filename": "eye20015",
      "d": 0.06,
      "frame": {
        "x": 2,
        "y": 722,
        "w": 369,
        "h": 237
      }
    },
    {
      "filename": "eye20016",
      "d": 0.06,
      "frame": {
        "x": 374,
        "y": 722,
        "w": 369,
        "h": 237
      }
    },
    {
      "filename": "eye20017",
      "d": 0.06,
      "frame": {
        "x": 746,
        "y": 722,
        "w": 369,
        "h": 237
      }
    },
    {
      "filename": "eye20018",
      "d": 0.06,
      "frame": {
        "x": 1118,
        "y": 722,
        "w": 369,
        "h": 237
      }
    },
    {
      "filename": "eye20019",
      "d": 0.06,
      "frame": {
        "x": 1490,
        "y": 722,
        "w": 369,
        "h": 237
      }
    },
    {
      "filename": "eye20020",
      "d": 0.06,
      "frame": {
        "x": 2,
        "y": 962,
        "w": 369,
        "h": 237
      }
    },
    {
      "filename": "eye20021",
      "d": 0.06,
      "frame": {
        "x": 374,
        "y": 962,
        "w": 369,
        "h": 237
      }
    },
    {
      "filename": "eye20022",
      "d": 0.06,
      "frame": {
        "x": 746,
        "y": 962,
        "w": 369,
        "h": 237
      }
    },
    {
      "filename": "eye20023",
      "d": 0.06,
      "frame": {
        "x": 1118,
        "y": 962,
        "w": 369,
        "h": 237
      }
    },
    {
      "filename": "eye20024",
      "d": 0.06,
      "frame": {
        "x": 1490,
        "y": 962,
        "w": 369,
        "h": 237
      }
    }
  ],
  "meta": {
    "image": "ls6052eye2.png",
    "size": {
      "w": 1900,
      "h": 1250
    }
  }
}