﻿{
  "frames": [
    {
      "filename": "head20000",
      "d": 0.08,
      "frame": {
        "x": 2,
        "y": 2,
        "w": 360,
        "h": 310
      }
    },
    {
      "filename": "head20001",
      "d": 0.08,
      "frame": {
        "x": 365,
        "y": 2,
        "w": 360,
        "h": 310
      }
    },
    {
      "filename": "head20002",
      "d": 0.08,
      "frame": {
        "x": 728,
        "y": 2,
        "w": 360,
        "h": 310
      }
    },
    {
      "filename": "head20003",
      "d": 0.08,
      "frame": {
        "x": 1091,
        "y": 2,
        "w": 360,
        "h": 310
      }
    },
    {
      "filename": "head20004",
      "d": 0.08,
      "frame": {
        "x": 1454,
        "y": 2,
        "w": 360,
        "h": 310
      }
    },
    {
      "filename": "head20005",
      "d": 0.08,
      "frame": {
        "x": 2,
        "y": 315,
        "w": 360,
        "h": 310
      }
    },
    {
      "filename": "head20006",
      "d": 0.08,
      "frame": {
        "x": 365,
        "y": 315,
        "w": 360,
        "h": 310
      }
    },
    {
      "filename": "head20007",
      "d": 0.08,
      "frame": {
        "x": 728,
        "y": 315,
        "w": 360,
        "h": 310
      }
    },
    {
      "filename": "head20008",
      "d": 0.08,
      "frame": {
        "x": 1091,
        "y": 315,
        "w": 360,
        "h": 310
      }
    },
    {
      "filename": "head20009",
      "d": 0.08,
      "frame": {
        "x": 1454,
        "y": 315,
        "w": 360,
        "h": 310
      }
    },
    {
      "filename": "head20010",
      "d": 0.08,
      "frame": {
        "x": 2,
        "y": 628,
        "w": 360,
        "h": 310
      }
    },
    {
      "filename": "head20011",
      "d": 0.08,
      "frame": {
        "x": 365,
        "y": 628,
        "w": 360,
        "h": 310
      }
    },
    {
      "filename": "head20012",
      "d": 0.08,
      "frame": {
        "x": 728,
        "y": 628,
        "w": 360,
        "h": 310
      }
    },
    {
      "filename": "head20013",
      "d": 0.08,
      "frame": {
        "x": 1091,
        "y": 628,
        "w": 360,
        "h": 310
      }
    },
    {
      "filename": "head20014",
      "d": 0.08,
      "frame": {
        "x": 1454,
        "y": 628,
        "w": 360,
        "h": 310
      }
    },
    {
      "filename": "head20015",
      "d": 0.08,
      "frame": {
        "x": 1091,
        "y": 2,
        "w": 360,
        "h": 310
      }
    },
    {
      "filename": "head20016",
      "d": 0.08,
      "frame": {
        "x": 2,
        "y": 941,
        "w": 360,
        "h": 310
      }
    },
    {
      "filename": "head20017",
      "d": 0.08,
      "frame": {
        "x": 365,
        "y": 941,
        "w": 360,
        "h": 310
      }
    },
    {
      "filename": "head20018",
      "d": 0.08,
      "frame": {
        "x": 728,
        "y": 941,
        "w": 360,
        "h": 310
      }
    },
    {
      "filename": "head20019",
      "d": 0.08,
      "frame": {
        "x": 1091,
        "y": 941,
        "w": 360,
        "h": 310
      }
    },
    {
      "filename": "head20020",
      "d": 0.08,
      "frame": {
        "x": 1454,
        "y": 941,
        "w": 360,
        "h": 310
      }
    },
    {
      "filename": "head20021",
      "d": 0.08,
      "frame": {
        "x": 2,
        "y": 1254,
        "w": 360,
        "h": 310
      }
    },
    {
      "filename": "head20022",
      "d": 0.08,
      "frame": {
        "x": 365,
        "y": 1254,
        "w": 360,
        "h": 310
      }
    },
    {
      "filename": "head20023",
      "d": 0.08,
      "frame": {
        "x": 728,
        "y": 1254,
        "w": 360,
        "h": 310
      }
    },
    {
      "filename": "head20024",
      "d": 0.08,
      "frame": {
        "x": 1091,
        "y": 1254,
        "w": 360,
        "h": 310
      }
    },
    {
      "filename": "head20025",
      "d": 0.08,
      "frame": {
        "x": 1454,
        "y": 1254,
        "w": 360,
        "h": 310
      }
    }
  ],
  "meta": {
    "image": "ls6051head2.png",
    "size": {
      "w": 1830,
      "h": 1580
    }
  }
}