{"id":"2220","name":"\u5143\u6c14\u5c11\u5973","sw":360,"sh":310,"res":[{"type":"head","tier":2,"scale":1.8,"offset":[0.11,-0.53],"action":"","layerCompositeMode":1,"layerOpaqueness":100,"gif":true,"i":["ls6051head1.json","ls6051head2.json"],"d":["ls6051head1.png","ls6051head2.png"]},{"type":"eye","tier":1,"scale":2.8,"offset":[-0.16,0],"action":"","layerCompositeMode":1,"layerOpaqueness":100,"gif":true,"i":["ls6052eye1.json","ls6052eye2.json","ls6052eye3.json"],"d":["ls6052eye1.png","ls6052eye2.png","ls6052eye3.png"]},{"type":"nose","tier":0,"scale":3.2,"offset":[0,0],"action":"","layerCompositeMode":1,"layerOpaqueness":100,"gif":true,"i":["ls6053nose.json"],"d":["ls6053nose.png"]}]}